<!DOCTYPE mapper
	PUBLIC "-//mybatis.org//DTD Mapper 3.0//EN"
	"http://mybatis.org/dtd/mybatis-3-mapper.dtd">
<mapper namespace="mapper.board">
	<select id="selectBoardList" resultType="Board">
		<![CDATA[
			select * from board order by num
		]]>
	</select>
	
	<insert id="insertBoard" parameterType="Board">
		<![CDATA[
			insert into board (writer,subject,content,filename,readcnt,regdate)
				values(#{writer},#{subject},#{content},#{filename},0,CURDATE())
		]]>
	</insert>
	
	<select id="selectBoard" parameterType="Integer" resultType="Board">
		<![CDATA[
			select * from board where num=#{num}
		]]>
	</select>
	
	<update id="updateBoard" parameterType="java.util.HashMap">
		<![CDATA[
			update board set subject=#{subject}, content=#{content} where num=#{num}
		]]>
	</update>
	
	<delete id="deleteBoard" parameterType="Integer">
		<![CDATA[
			delete from board where num=#{num}
		]]>
	</delete>
	
	<update id="updateReadCnt" parameterType="Integer">
		<![CDATA[
			update board set readcnt=readcnt+1 where num=#{num}
		]]>
	</update>
	
	<select id="selectByWriter" parameterType="String" resultType="Board">
		<![CDATA[
			select * from board where writer like CONCAT('%',#{writer},'%')
		]]>	
	</select>
	
	<select id="selectBySubject" parameterType="String" resultType="Board">
		<![CDATA[
			select * from board where subject like CONCAT('%',#{subject},'%')
		]]>	
	</select>
	
	<select id="selectByContent" parameterType="String" resultType="Board">
		<![CDATA[
			select * from board where content like CONCAT('%',#{content},'%')
		]]>	
	</select>	
		
</mapper>	