<!DOCTYPE mapper
	PUBLIC "-//mybatis.org//DTD Mapper 3.0//EN"
	"http://mybatis.org/dtd/mybatis-3-mapper.dtd">
	
<mapper namespace="mapper.account">
	<insert id="insertAccount" parameterType="com.kt.bank.dto.Account">
		<![CDATA[
			insert into account (id,name,balance,type,grade)
			values(#{id}, #{name}, #{balance}, #{type}, #{grade})
		]]>
	</insert>
	
	<select id="selectAccount" parameterType="String" resultType="com.kt.bank.dto.Account">
		<![CDATA[
			select * from account where id=#{id}
		]]>	
	</select>
	
	<update id="updateBalance" parameterType="com.kt.bank.dto.Account">
		<![CDATA[
			update account set balance=#{balance} where id=#{id}	
		]]>	
	</update>
	
	<update id="updateBalance2" parameterType="java.util.HashMap">
		<![CDATA[
			update account set balance=#{balance} where id=#{id}	
		]]>		
	</update>
</mapper>	